experiment_id,model_version,draw_boost,favorite_dampening,underdog_boost,market_blend_weight,numerical_adjustment_weight,sample_count,hit_rate,brier,logloss,draw_brier,favorite_wrong_count,overconfident_wrong_count,upset_miss_count
E0001,exp-1.00-0.00-0.00-0.00-0.00,1.0,0.0,0.0,0.0,0.0,4,0.0000,0.5334,0.9045,0.8541,2,1,2
E0002,exp-1.00-0.00-0.00-0.00-0.25,1.0,0.0,0.0,0.0,0.25,4,0.0000,0.5334,0.9045,0.8541,2,1,2
E0003,exp-1.00-0.00-0.00-0.00-0.50,1.0,0.0,0.0,0.0,0.5,4,0.0000,0.5334,0.9045,0.8541,2,1,2
E0004,exp-1.00-0.00-0.00-0.00-1.00,1.0,0.0,0.0,0.0,1.0,4,0.0000,0.5334,0.9045,0.8541,2,1,2
E0005,exp-1.00-0.00-0.00-0.10-0.00,1.0,0.0,0.0,0.1,0.0,4,0.0000,0.5334,0.9045,0.8541,2,1,2
E0006,exp-1.00-0.00-0.00-0.10-0.25,1.0,0.0,0.0,0.1,0.25,4,0.0000,0.5334,0.9045,0.8541,2,1,2
E0007,exp-1.00-0.00-0.00-0.10-0.50,1.0,0.0,0.0,0.1,0.5,4,0.0000,0.5334,0.9045,0.8541,2,1,2
E0008,exp-1.00-0.00-0.00-0.10-1.00,1.0,0.0,0.0,0.1,1.0,4,0.0000,0.5334,0.9045,0.8541,2,1,2
E0009,exp-1.00-0.00-0.00-0.20-0.00,1.0,0.0,0.0,0.2,0.0,4,0.0000,0.5334,0.9045,0.8541,2,1,2
E0010,exp-1.00-0.00-0.00-0.20-0.25,1.0,0.0,0.0,0.2,0.25,4,0.0000,0.5334,0.9045,0.8541,2,1,2
E0011,exp-1.00-0.00-0.00-0.20-0.50,1.0,0.0,0.0,0.2,0.5,4,0.0000,0.5334,0.9045,0.8541,2,1,2
E0012,exp-1.00-0.00-0.00-0.20-1.00,1.0,0.0,0.0,0.2,1.0,4,0.0000,0.5334,0.9045,0.8541,2,1,2
E0109,exp-1.05-0.00-0.00-0.00-0.00,1.05,0.0,0.0,0.0,0.0,4,0.0000,0.5357,0.9059,0.8240,1,0,2
E0110,exp-1.05-0.00-0.00-0.00-0.25,1.05,0.0,0.0,0.0,0.25,4,0.0000,0.5357,0.9059,0.8240,1,0,2
E0111,exp-1.05-0.00-0.00-0.00-0.50,1.05,0.0,0.0,0.0,0.5,4,0.0000,0.5357,0.9059,0.8240,1,0,2
E0112,exp-1.05-0.00-0.00-0.00-1.00,1.05,0.0,0.0,0.0,1.0,4,0.0000,0.5357,0.9059,0.8240,1,0,2
E0113,exp-1.05-0.00-0.00-0.10-0.00,1.05,0.0,0.0,0.1,0.0,4,0.0000,0.5357,0.9059,0.8240,1,0,2
E0114,exp-1.05-0.00-0.00-0.10-0.25,1.05,0.0,0.0,0.1,0.25,4,0.0000,0.5357,0.9059,0.8240,1,0,2
E0115,exp-1.05-0.00-0.00-0.10-0.50,1.05,0.0,0.0,0.1,0.5,4,0.0000,0.5357,0.9059,0.8240,1,0,2
E0116,exp-1.05-0.00-0.00-0.10-1.00,1.05,0.0,0.0,0.1,1.0,4,0.0000,0.5357,0.9059,0.8240,1,0,2
E0117,exp-1.05-0.00-0.00-0.20-0.00,1.05,0.0,0.0,0.2,0.0,4,0.0000,0.5357,0.9059,0.8240,1,0,2
E0118,exp-1.05-0.00-0.00-0.20-0.25,1.05,0.0,0.0,0.2,0.25,4,0.0000,0.5357,0.9059,0.8240,1,0,2
E0119,exp-1.05-0.00-0.00-0.20-0.50,1.05,0.0,0.0,0.2,0.5,4,0.0000,0.5357,0.9059,0.8240,1,0,2
E0120,exp-1.05-0.00-0.00-0.20-1.00,1.05,0.0,0.0,0.2,1.0,4,0.0000,0.5357,0.9059,0.8240,1,0,2
E0037,exp-1.00-0.05-0.00-0.00-0.00,1.0,0.05,0.0,0.0,0.0,4,0.0000,0.5375,0.9105,0.8404,1,0,2
E0038,exp-1.00-0.05-0.00-0.00-0.25,1.0,0.05,0.0,0.0,0.25,4,0.0000,0.5375,0.9105,0.8404,1,0,2
E0039,exp-1.00-0.05-0.00-0.00-0.50,1.0,0.05,0.0,0.0,0.5,4,0.0000,0.5375,0.9105,0.8404,1,0,2
E0040,exp-1.00-0.05-0.00-0.00-1.00,1.0,0.05,0.0,0.0,1.0,4,0.0000,0.5375,0.9105,0.8404,1,0,2
E0041,exp-1.00-0.05-0.00-0.10-0.00,1.0,0.05,0.0,0.1,0.0,4,0.0000,0.5375,0.9105,0.8404,1,0,2
E0042,exp-1.00-0.05-0.00-0.10-0.25,1.0,0.05,0.0,0.1,0.25,4,0.0000,0.5375,0.9105,0.8404,1,0,2
E0043,exp-1.00-0.05-0.00-0.10-0.50,1.0,0.05,0.0,0.1,0.5,4,0.0000,0.5375,0.9105,0.8404,1,0,2
E0044,exp-1.00-0.05-0.00-0.10-1.00,1.0,0.05,0.0,0.1,1.0,4,0.0000,0.5375,0.9105,0.8404,1,0,2
E0045,exp-1.00-0.05-0.00-0.20-0.00,1.0,0.05,0.0,0.2,0.0,4,0.0000,0.5375,0.9105,0.8404,1,0,2
E0046,exp-1.00-0.05-0.00-0.20-0.25,1.0,0.05,0.0,0.2,0.25,4,0.0000,0.5375,0.9105,0.8404,1,0,2
E0047,exp-1.00-0.05-0.00-0.20-0.50,1.0,0.05,0.0,0.2,0.5,4,0.0000,0.5375,0.9105,0.8404,1,0,2
E0048,exp-1.00-0.05-0.00-0.20-1.00,1.0,0.05,0.0,0.2,1.0,4,0.0000,0.5375,0.9105,0.8404,1,0,2
E0217,exp-1.10-0.00-0.00-0.00-0.00,1.1,0.0,0.0,0.0,0.0,4,0.0000,0.5385,0.9081,0.7943,1,0,2
E0218,exp-1.10-0.00-0.00-0.00-0.25,1.1,0.0,0.0,0.0,0.25,4,0.0000,0.5385,0.9081,0.7943,1,0,2
E0219,exp-1.10-0.00-0.00-0.00-0.50,1.1,0.0,0.0,0.0,0.5,4,0.0000,0.5385,0.9081,0.7943,1,0,2
E0220,exp-1.10-0.00-0.00-0.00-1.00,1.1,0.0,0.0,0.0,1.0,4,0.0000,0.5385,0.9081,0.7943,1,0,2
E0221,exp-1.10-0.00-0.00-0.10-0.00,1.1,0.0,0.0,0.1,0.0,4,0.0000,0.5385,0.9081,0.7943,1,0,2
E0222,exp-1.10-0.00-0.00-0.10-0.25,1.1,0.0,0.0,0.1,0.25,4,0.0000,0.5385,0.9081,0.7943,1,0,2
E0223,exp-1.10-0.00-0.00-0.10-0.50,1.1,0.0,0.0,0.1,0.5,4,0.0000,0.5385,0.9081,0.7943,1,0,2
E0224,exp-1.10-0.00-0.00-0.10-1.00,1.1,0.0,0.0,0.1,1.0,4,0.0000,0.5385,0.9081,0.7943,1,0,2
E0225,exp-1.10-0.00-0.00-0.20-0.00,1.1,0.0,0.0,0.2,0.0,4,0.0000,0.5385,0.9081,0.7943,1,0,2
E0226,exp-1.10-0.00-0.00-0.20-0.25,1.1,0.0,0.0,0.2,0.25,4,0.0000,0.5385,0.9081,0.7943,1,0,2
E0227,exp-1.10-0.00-0.00-0.20-0.50,1.1,0.0,0.0,0.2,0.5,4,0.0000,0.5385,0.9081,0.7943,1,0,2
E0228,exp-1.10-0.00-0.00-0.20-1.00,1.1,0.0,0.0,0.2,1.0,4,0.0000,0.5385,0.9081,0.7943,1,0,2
E0145,exp-1.05-0.05-0.00-0.00-0.00,1.05,0.05,0.0,0.0,0.0,4,0.0000,0.5396,0.9116,0.8109,1,0,2
E0146,exp-1.05-0.05-0.00-0.00-0.25,1.05,0.05,0.0,0.0,0.25,4,0.0000,0.5396,0.9116,0.8109,1,0,2
E0147,exp-1.05-0.05-0.00-0.00-0.50,1.05,0.05,0.0,0.0,0.5,4,0.0000,0.5396,0.9116,0.8109,1,0,2
E0148,exp-1.05-0.05-0.00-0.00-1.00,1.05,0.05,0.0,0.0,1.0,4,0.0000,0.5396,0.9116,0.8109,1,0,2
E0149,exp-1.05-0.05-0.00-0.10-0.00,1.05,0.05,0.0,0.1,0.0,4,0.0000,0.5396,0.9116,0.8109,1,0,2
E0150,exp-1.05-0.05-0.00-0.10-0.25,1.05,0.05,0.0,0.1,0.25,4,0.0000,0.5396,0.9116,0.8109,1,0,2
E0151,exp-1.05-0.05-0.00-0.10-0.50,1.05,0.05,0.0,0.1,0.5,4,0.0000,0.5396,0.9116,0.8109,1,0,2
E0152,exp-1.05-0.05-0.00-0.10-1.00,1.05,0.05,0.0,0.1,1.0,4,0.0000,0.5396,0.9116,0.8109,1,0,2
E0153,exp-1.05-0.05-0.00-0.20-0.00,1.05,0.05,0.0,0.2,0.0,4,0.0000,0.5396,0.9116,0.8109,1,0,2
E0154,exp-1.05-0.05-0.00-0.20-0.25,1.05,0.05,0.0,0.2,0.25,4,0.0000,0.5396,0.9116,0.8109,1,0,2
E0155,exp-1.05-0.05-0.00-0.20-0.50,1.05,0.05,0.0,0.2,0.5,4,0.0000,0.5396,0.9116,0.8109,1,0,2
E0156,exp-1.05-0.05-0.00-0.20-1.00,1.05,0.05,0.0,0.2,1.0,4,0.0000,0.5396,0.9116,0.8109,1,0,2
E0073,exp-1.00-0.10-0.00-0.00-0.00,1.0,0.1,0.0,0.0,0.0,4,0.0000,0.5418,0.9167,0.8268,1,0,2
E0074,exp-1.00-0.10-0.00-0.00-0.25,1.0,0.1,0.0,0.0,0.25,4,0.0000,0.5418,0.9167,0.8268,1,0,2
E0075,exp-1.00-0.10-0.00-0.00-0.50,1.0,0.1,0.0,0.0,0.5,4,0.0000,0.5418,0.9167,0.8268,1,0,2
E0076,exp-1.00-0.10-0.00-0.00-1.00,1.0,0.1,0.0,0.0,1.0,4,0.0000,0.5418,0.9167,0.8268,1,0,2
E0077,exp-1.00-0.10-0.00-0.10-0.00,1.0,0.1,0.0,0.1,0.0,4,0.0000,0.5418,0.9167,0.8268,1,0,2
E0078,exp-1.00-0.10-0.00-0.10-0.25,1.0,0.1,0.0,0.1,0.25,4,0.0000,0.5418,0.9167,0.8268,1,0,2
E0079,exp-1.00-0.10-0.00-0.10-0.50,1.0,0.1,0.0,0.1,0.5,4,0.0000,0.5418,0.9167,0.8268,1,0,2
E0080,exp-1.00-0.10-0.00-0.10-1.00,1.0,0.1,0.0,0.1,1.0,4,0.0000,0.5418,0.9167,0.8268,1,0,2
E0081,exp-1.00-0.10-0.00-0.20-0.00,1.0,0.1,0.0,0.2,0.0,4,0.0000,0.5418,0.9167,0.8268,1,0,2
E0082,exp-1.00-0.10-0.00-0.20-0.25,1.0,0.1,0.0,0.2,0.25,4,0.0000,0.5418,0.9167,0.8268,1,0,2
E0083,exp-1.00-0.10-0.00-0.20-0.50,1.0,0.1,0.0,0.2,0.5,4,0.0000,0.5418,0.9167,0.8268,1,0,2
E0084,exp-1.00-0.10-0.00-0.20-1.00,1.0,0.1,0.0,0.2,1.0,4,0.0000,0.5418,0.9167,0.8268,1,0,2
E0325,exp-1.15-0.00-0.00-0.00-0.00,1.15,0.0,0.0,0.0,0.0,4,0.0000,0.5419,0.9111,0.7652,1,0,2
E0326,exp-1.15-0.00-0.00-0.00-0.25,1.15,0.0,0.0,0.0,0.25,4,0.0000,0.5419,0.9111,0.7652,1,0,2
E0327,exp-1.15-0.00-0.00-0.00-0.50,1.15,0.0,0.0,0.0,0.5,4,0.0000,0.5419,0.9111,0.7652,1,0,2
E0328,exp-1.15-0.00-0.00-0.00-1.00,1.15,0.0,0.0,0.0,1.0,4,0.0000,0.5419,0.9111,0.7652,1,0,2
E0329,exp-1.15-0.00-0.00-0.10-0.00,1.15,0.0,0.0,0.1,0.0,4,0.0000,0.5419,0.9111,0.7652,1,0,2
E0330,exp-1.15-0.00-0.00-0.10-0.25,1.15,0.0,0.0,0.1,0.25,4,0.0000,0.5419,0.9111,0.7652,1,0,2
E0331,exp-1.15-0.00-0.00-0.10-0.50,1.15,0.0,0.0,0.1,0.5,4,0.0000,0.5419,0.9111,0.7652,1,0,2
E0332,exp-1.15-0.00-0.00-0.10-1.00,1.15,0.0,0.0,0.1,1.0,4,0.0000,0.5419,0.9111,0.7652,1,0,2
E0333,exp-1.15-0.00-0.00-0.20-0.00,1.15,0.0,0.0,0.2,0.0,4,0.0000,0.5419,0.9111,0.7652,1,0,2
E0334,exp-1.15-0.00-0.00-0.20-0.25,1.15,0.0,0.0,0.2,0.25,4,0.0000,0.5419,0.9111,0.7652,1,0,2
E0335,exp-1.15-0.00-0.00-0.20-0.50,1.15,0.0,0.0,0.2,0.5,4,0.0000,0.5419,0.9111,0.7652,1,0,2
E0336,exp-1.15-0.00-0.00-0.20-1.00,1.15,0.0,0.0,0.2,1.0,4,0.0000,0.5419,0.9111,0.7652,1,0,2
E0253,exp-1.10-0.05-0.00-0.00-0.00,1.1,0.05,0.0,0.0,0.0,4,0.0000,0.5422,0.9136,0.7819,1,0,2
E0254,exp-1.10-0.05-0.00-0.00-0.25,1.1,0.05,0.0,0.0,0.25,4,0.0000,0.5422,0.9136,0.7819,1,0,2
E0255,exp-1.10-0.05-0.00-0.00-0.50,1.1,0.05,0.0,0.0,0.5,4,0.0000,0.5422,0.9136,0.7819,1,0,2
E0256,exp-1.10-0.05-0.00-0.00-1.00,1.1,0.05,0.0,0.0,1.0,4,0.0000,0.5422,0.9136,0.7819,1,0,2
E0257,exp-1.10-0.05-0.00-0.10-0.00,1.1,0.05,0.0,0.1,0.0,4,0.0000,0.5422,0.9136,0.7819,1,0,2
E0258,exp-1.10-0.05-0.00-0.10-0.25,1.1,0.05,0.0,0.1,0.25,4,0.0000,0.5422,0.9136,0.7819,1,0,2
E0259,exp-1.10-0.05-0.00-0.10-0.50,1.1,0.05,0.0,0.1,0.5,4,0.0000,0.5422,0.9136,0.7819,1,0,2
E0260,exp-1.10-0.05-0.00-0.10-1.00,1.1,0.05,0.0,0.1,1.0,4,0.0000,0.5422,0.9136,0.7819,1,0,2
E0261,exp-1.10-0.05-0.00-0.20-0.00,1.1,0.05,0.0,0.2,0.0,4,0.0000,0.5422,0.9136,0.7819,1,0,2
E0262,exp-1.10-0.05-0.00-0.20-0.25,1.1,0.05,0.0,0.2,0.25,4,0.0000,0.5422,0.9136,0.7819,1,0,2
E0263,exp-1.10-0.05-0.00-0.20-0.50,1.1,0.05,0.0,0.2,0.5,4,0.0000,0.5422,0.9136,0.7819,1,0,2
E0264,exp-1.10-0.05-0.00-0.20-1.00,1.1,0.05,0.0,0.2,1.0,4,0.0000,0.5422,0.9136,0.7819,1,0,2
E0181,exp-1.05-0.10-0.00-0.00-0.00,1.05,0.1,0.0,0.0,0.0,4,0.0000,0.5437,0.9176,0.7980,1,0,2
E0182,exp-1.05-0.10-0.00-0.00-0.25,1.05,0.1,0.0,0.0,0.25,4,0.0000,0.5437,0.9176,0.7980,1,0,2
E0183,exp-1.05-0.10-0.00-0.00-0.50,1.05,0.1,0.0,0.0,0.5,4,0.0000,0.5437,0.9176,0.7980,1,0,2
E0184,exp-1.05-0.10-0.00-0.00-1.00,1.05,0.1,0.0,0.0,1.0,4,0.0000,0.5437,0.9176,0.7980,1,0,2
E0185,exp-1.05-0.10-0.00-0.10-0.00,1.05,0.1,0.0,0.1,0.0,4,0.0000,0.5437,0.9176,0.7980,1,0,2
E0186,exp-1.05-0.10-0.00-0.10-0.25,1.05,0.1,0.0,0.1,0.25,4,0.0000,0.5437,0.9176,0.7980,1,0,2
E0187,exp-1.05-0.10-0.00-0.10-0.50,1.05,0.1,0.0,0.1,0.5,4,0.0000,0.5437,0.9176,0.7980,1,0,2
E0188,exp-1.05-0.10-0.00-0.10-1.00,1.05,0.1,0.0,0.1,1.0,4,0.0000,0.5437,0.9176,0.7980,1,0,2
E0189,exp-1.05-0.10-0.00-0.20-0.00,1.05,0.1,0.0,0.2,0.0,4,0.0000,0.5437,0.9176,0.7980,1,0,2
E0190,exp-1.05-0.10-0.00-0.20-0.25,1.05,0.1,0.0,0.2,0.25,4,0.0000,0.5437,0.9176,0.7980,1,0,2
E0191,exp-1.05-0.10-0.00-0.20-0.50,1.05,0.1,0.0,0.2,0.5,4,0.0000,0.5437,0.9176,0.7980,1,0,2
E0192,exp-1.05-0.10-0.00-0.20-1.00,1.05,0.1,0.0,0.2,1.0,4,0.0000,0.5437,0.9176,0.7980,1,0,2
E0361,exp-1.15-0.05-0.00-0.00-0.00,1.15,0.05,0.0,0.0,0.0,4,0.0000,0.5454,0.9163,0.7536,1,0,2
E0362,exp-1.15-0.05-0.00-0.00-0.25,1.15,0.05,0.0,0.0,0.25,4,0.0000,0.5454,0.9163,0.7536,1,0,2
E0363,exp-1.15-0.05-0.00-0.00-0.50,1.15,0.05,0.0,0.0,0.5,4,0.0000,0.5454,0.9163,0.7536,1,0,2
E0364,exp-1.15-0.05-0.00-0.00-1.00,1.15,0.05,0.0,0.0,1.0,4,0.0000,0.5454,0.9163,0.7536,1,0,2
E0365,exp-1.15-0.05-0.00-0.10-0.00,1.15,0.05,0.0,0.1,0.0,4,0.0000,0.5454,0.9163,0.7536,1,0,2
E0366,exp-1.15-0.05-0.00-0.10-0.25,1.15,0.05,0.0,0.1,0.25,4,0.0000,0.5454,0.9163,0.7536,1,0,2
E0367,exp-1.15-0.05-0.00-0.10-0.50,1.15,0.05,0.0,0.1,0.5,4,0.0000,0.5454,0.9163,0.7536,1,0,2
E0368,exp-1.15-0.05-0.00-0.10-1.00,1.15,0.05,0.0,0.1,1.0,4,0.0000,0.5454,0.9163,0.7536,1,0,2
E0369,exp-1.15-0.05-0.00-0.20-0.00,1.15,0.05,0.0,0.2,0.0,4,0.0000,0.5454,0.9163,0.7536,1,0,2
E0370,exp-1.15-0.05-0.00-0.20-0.25,1.15,0.05,0.0,0.2,0.25,4,0.0000,0.5454,0.9163,0.7536,1,0,2
E0371,exp-1.15-0.05-0.00-0.20-0.50,1.15,0.05,0.0,0.2,0.5,4,0.0000,0.5454,0.9163,0.7536,1,0,2
E0372,exp-1.15-0.05-0.00-0.20-1.00,1.15,0.05,0.0,0.2,1.0,4,0.0000,0.5454,0.9163,0.7536,1,0,2
E0289,exp-1.10-0.10-0.00-0.00-0.00,1.1,0.1,0.0,0.0,0.0,4,0.0000,0.5462,0.9193,0.7697,1,0,2
E0290,exp-1.10-0.10-0.00-0.00-0.25,1.1,0.1,0.0,0.0,0.25,4,0.0000,0.5462,0.9193,0.7697,1,0,2
E0291,exp-1.10-0.10-0.00-0.00-0.50,1.1,0.1,0.0,0.0,0.5,4,0.0000,0.5462,0.9193,0.7697,1,0,2
E0292,exp-1.10-0.10-0.00-0.00-1.00,1.1,0.1,0.0,0.0,1.0,4,0.0000,0.5462,0.9193,0.7697,1,0,2
E0293,exp-1.10-0.10-0.00-0.10-0.00,1.1,0.1,0.0,0.1,0.0,4,0.0000,0.5462,0.9193,0.7697,1,0,2
E0294,exp-1.10-0.10-0.00-0.10-0.25,1.1,0.1,0.0,0.1,0.25,4,0.0000,0.5462,0.9193,0.7697,1,0,2
E0295,exp-1.10-0.10-0.00-0.10-0.50,1.1,0.1,0.0,0.1,0.5,4,0.0000,0.5462,0.9193,0.7697,1,0,2
E0296,exp-1.10-0.10-0.00-0.10-1.00,1.1,0.1,0.0,0.1,1.0,4,0.0000,0.5462,0.9193,0.7697,1,0,2
E0297,exp-1.10-0.10-0.00-0.20-0.00,1.1,0.1,0.0,0.2,0.0,4,0.0000,0.5462,0.9193,0.7697,1,0,2
E0298,exp-1.10-0.10-0.00-0.20-0.25,1.1,0.1,0.0,0.2,0.25,4,0.0000,0.5462,0.9193,0.7697,1,0,2
E0299,exp-1.10-0.10-0.00-0.20-0.50,1.1,0.1,0.0,0.2,0.5,4,0.0000,0.5462,0.9193,0.7697,1,0,2
E0300,exp-1.10-0.10-0.00-0.20-1.00,1.1,0.1,0.0,0.2,1.0,4,0.0000,0.5462,0.9193,0.7697,1,0,2
E0397,exp-1.15-0.10-0.00-0.00-0.00,1.15,0.1,0.0,0.0,0.0,4,0.0000,0.5492,0.9217,0.7421,1,0,2
E0398,exp-1.15-0.10-0.00-0.00-0.25,1.15,0.1,0.0,0.0,0.25,4,0.0000,0.5492,0.9217,0.7421,1,0,2
E0399,exp-1.15-0.10-0.00-0.00-0.50,1.15,0.1,0.0,0.0,0.5,4,0.0000,0.5492,0.9217,0.7421,1,0,2
E0400,exp-1.15-0.10-0.00-0.00-1.00,1.15,0.1,0.0,0.0,1.0,4,0.0000,0.5492,0.9217,0.7421,1,0,2
E0401,exp-1.15-0.10-0.00-0.10-0.00,1.15,0.1,0.0,0.1,0.0,4,0.0000,0.5492,0.9217,0.7421,1,0,2
E0402,exp-1.15-0.10-0.00-0.10-0.25,1.15,0.1,0.0,0.1,0.25,4,0.0000,0.5492,0.9217,0.7421,1,0,2
E0403,exp-1.15-0.10-0.00-0.10-0.50,1.15,0.1,0.0,0.1,0.5,4,0.0000,0.5492,0.9217,0.7421,1,0,2
E0404,exp-1.15-0.10-0.00-0.10-1.00,1.15,0.1,0.0,0.1,1.0,4,0.0000,0.5492,0.9217,0.7421,1,0,2
E0405,exp-1.15-0.10-0.00-0.20-0.00,1.15,0.1,0.0,0.2,0.0,4,0.0000,0.5492,0.9217,0.7421,1,0,2
E0406,exp-1.15-0.10-0.00-0.20-0.25,1.15,0.1,0.0,0.2,0.25,4,0.0000,0.5492,0.9217,0.7421,1,0,2
E0407,exp-1.15-0.10-0.00-0.20-0.50,1.15,0.1,0.0,0.2,0.5,4,0.0000,0.5492,0.9217,0.7421,1,0,2
E0408,exp-1.15-0.10-0.00-0.20-1.00,1.15,0.1,0.0,0.2,1.0,4,0.0000,0.5492,0.9217,0.7421,1,0,2
E0013,exp-1.00-0.00-0.03-0.00-0.00,1.0,0.0,0.03,0.0,0.0,4,0.0000,0.5513,0.9341,0.8615,1,0,1
E0014,exp-1.00-0.00-0.03-0.00-0.25,1.0,0.0,0.03,0.0,0.25,4,0.0000,0.5513,0.9341,0.8615,1,0,1
E0015,exp-1.00-0.00-0.03-0.00-0.50,1.0,0.0,0.03,0.0,0.5,4,0.0000,0.5513,0.9341,0.8615,1,0,1
E0016,exp-1.00-0.00-0.03-0.00-1.00,1.0,0.0,0.03,0.0,1.0,4,0.0000,0.5513,0.9341,0.8615,1,0,1
E0017,exp-1.00-0.00-0.03-0.10-0.00,1.0,0.0,0.03,0.1,0.0,4,0.0000,0.5513,0.9341,0.8615,1,0,1
E0018,exp-1.00-0.00-0.03-0.10-0.25,1.0,0.0,0.03,0.1,0.25,4,0.0000,0.5513,0.9341,0.8615,1,0,1
E0019,exp-1.00-0.00-0.03-0.10-0.50,1.0,0.0,0.03,0.1,0.5,4,0.0000,0.5513,0.9341,0.8615,1,0,1
E0020,exp-1.00-0.00-0.03-0.10-1.00,1.0,0.0,0.03,0.1,1.0,4,0.0000,0.5513,0.9341,0.8615,1,0,1
E0021,exp-1.00-0.00-0.03-0.20-0.00,1.0,0.0,0.03,0.2,0.0,4,0.0000,0.5513,0.9341,0.8615,1,0,1
E0022,exp-1.00-0.00-0.03-0.20-0.25,1.0,0.0,0.03,0.2,0.25,4,0.0000,0.5513,0.9341,0.8615,1,0,1
E0023,exp-1.00-0.00-0.03-0.20-0.50,1.0,0.0,0.03,0.2,0.5,4,0.0000,0.5513,0.9341,0.8615,1,0,1
E0024,exp-1.00-0.00-0.03-0.20-1.00,1.0,0.0,0.03,0.2,1.0,4,0.0000,0.5513,0.9341,0.8615,1,0,1
E0121,exp-1.05-0.00-0.03-0.00-0.00,1.05,0.0,0.03,0.0,0.0,4,0.0000,0.5534,0.9355,0.8320,1,0,1
E0122,exp-1.05-0.00-0.03-0.00-0.25,1.05,0.0,0.03,0.0,0.25,4,0.0000,0.5534,0.9355,0.8320,1,0,1
E0123,exp-1.05-0.00-0.03-0.00-0.50,1.05,0.0,0.03,0.0,0.5,4,0.0000,0.5534,0.9355,0.8320,1,0,1
E0124,exp-1.05-0.00-0.03-0.00-1.00,1.05,0.0,0.03,0.0,1.0,4,0.0000,0.5534,0.9355,0.8320,1,0,1
E0125,exp-1.05-0.00-0.03-0.10-0.00,1.05,0.0,0.03,0.1,0.0,4,0.0000,0.5534,0.9355,0.8320,1,0,1
E0126,exp-1.05-0.00-0.03-0.10-0.25,1.05,0.0,0.03,0.1,0.25,4,0.0000,0.5534,0.9355,0.8320,1,0,1
E0127,exp-1.05-0.00-0.03-0.10-0.50,1.05,0.0,0.03,0.1,0.5,4,0.0000,0.5534,0.9355,0.8320,1,0,1
E0128,exp-1.05-0.00-0.03-0.10-1.00,1.05,0.0,0.03,0.1,1.0,4,0.0000,0.5534,0.9355,0.8320,1,0,1
E0129,exp-1.05-0.00-0.03-0.20-0.00,1.05,0.0,0.03,0.2,0.0,4,0.0000,0.5534,0.9355,0.8320,1,0,1
E0130,exp-1.05-0.00-0.03-0.20-0.25,1.05,0.0,0.03,0.2,0.25,4,0.0000,0.5534,0.9355,0.8320,1,0,1
E0131,exp-1.05-0.00-0.03-0.20-0.50,1.05,0.0,0.03,0.2,0.5,4,0.0000,0.5534,0.9355,0.8320,1,0,1
E0132,exp-1.05-0.00-0.03-0.20-1.00,1.05,0.0,0.03,0.2,1.0,4,0.0000,0.5534,0.9355,0.8320,1,0,1
E0049,exp-1.00-0.05-0.03-0.00-0.00,1.0,0.05,0.03,0.0,0.0,4,0.0000,0.5556,0.9400,0.8484,1,0,1
E0050,exp-1.00-0.05-0.03-0.00-0.25,1.0,0.05,0.03,0.0,0.25,4,0.0000,0.5556,0.9400,0.8484,1,0,1
E0051,exp-1.00-0.05-0.03-0.00-0.50,1.0,0.05,0.03,0.0,0.5,4,0.0000,0.5556,0.9400,0.8484,1,0,1
E0052,exp-1.00-0.05-0.03-0.00-1.00,1.0,0.05,0.03,0.0,1.0,4,0.0000,0.5556,0.9400,0.8484,1,0,1
E0053,exp-1.00-0.05-0.03-0.10-0.00,1.0,0.05,0.03,0.1,0.0,4,0.0000,0.5556,0.9400,0.8484,1,0,1
E0054,exp-1.00-0.05-0.03-0.10-0.25,1.0,0.05,0.03,0.1,0.25,4,0.0000,0.5556,0.9400,0.8484,1,0,1
E0055,exp-1.00-0.05-0.03-0.10-0.50,1.0,0.05,0.03,0.1,0.5,4,0.0000,0.5556,0.9400,0.8484,1,0,1
E0056,exp-1.00-0.05-0.03-0.10-1.00,1.0,0.05,0.03,0.1,1.0,4,0.0000,0.5556,0.9400,0.8484,1,0,1
E0057,exp-1.00-0.05-0.03-0.20-0.00,1.0,0.05,0.03,0.2,0.0,4,0.0000,0.5556,0.9400,0.8484,1,0,1
E0058,exp-1.00-0.05-0.03-0.20-0.25,1.0,0.05,0.03,0.2,0.25,4,0.0000,0.5556,0.9400,0.8484,1,0,1
E0059,exp-1.00-0.05-0.03-0.20-0.50,1.0,0.05,0.03,0.2,0.5,4,0.0000,0.5556,0.9400,0.8484,1,0,1
E0060,exp-1.00-0.05-0.03-0.20-1.00,1.0,0.05,0.03,0.2,1.0,4,0.0000,0.5556,0.9400,0.8484,1,0,1
E0229,exp-1.10-0.00-0.03-0.00-0.00,1.1,0.0,0.03,0.0,0.0,4,0.0000,0.5560,0.9377,0.8031,1,0,2
E0230,exp-1.10-0.00-0.03-0.00-0.25,1.1,0.0,0.03,0.0,0.25,4,0.0000,0.5560,0.9377,0.8031,1,0,2
E0231,exp-1.10-0.00-0.03-0.00-0.50,1.1,0.0,0.03,0.0,0.5,4,0.0000,0.5560,0.9377,0.8031,1,0,2
E0232,exp-1.10-0.00-0.03-0.00-1.00,1.1,0.0,0.03,0.0,1.0,4,0.0000,0.5560,0.9377,0.8031,1,0,2
E0233,exp-1.10-0.00-0.03-0.10-0.00,1.1,0.0,0.03,0.1,0.0,4,0.0000,0.5560,0.9377,0.8031,1,0,2
E0234,exp-1.10-0.00-0.03-0.10-0.25,1.1,0.0,0.03,0.1,0.25,4,0.0000,0.5560,0.9377,0.8031,1,0,2
E0235,exp-1.10-0.00-0.03-0.10-0.50,1.1,0.0,0.03,0.1,0.5,4,0.0000,0.5560,0.9377,0.8031,1,0,2
E0236,exp-1.10-0.00-0.03-0.10-1.00,1.1,0.0,0.03,0.1,1.0,4,0.0000,0.5560,0.9377,0.8031,1,0,2
E0237,exp-1.10-0.00-0.03-0.20-0.00,1.1,0.0,0.03,0.2,0.0,4,0.0000,0.5560,0.9377,0.8031,1,0,2
E0238,exp-1.10-0.00-0.03-0.20-0.25,1.1,0.0,0.03,0.2,0.25,4,0.0000,0.5560,0.9377,0.8031,1,0,2
E0239,exp-1.10-0.00-0.03-0.20-0.50,1.1,0.0,0.03,0.2,0.5,4,0.0000,0.5560,0.9377,0.8031,1,0,2
E0240,exp-1.10-0.00-0.03-0.20-1.00,1.1,0.0,0.03,0.2,1.0,4,0.0000,0.5560,0.9377,0.8031,1,0,2
E0157,exp-1.05-0.05-0.03-0.00-0.00,1.05,0.05,0.03,0.0,0.0,4,0.0000,0.5575,0.9412,0.8196,1,0,1
E0158,exp-1.05-0.05-0.03-0.00-0.25,1.05,0.05,0.03,0.0,0.25,4,0.0000,0.5575,0.9412,0.8196,1,0,1
E0159,exp-1.05-0.05-0.03-0.00-0.50,1.05,0.05,0.03,0.0,0.5,4,0.0000,0.5575,0.9412,0.8196,1,0,1
E0160,exp-1.05-0.05-0.03-0.00-1.00,1.05,0.05,0.03,0.0,1.0,4,0.0000,0.5575,0.9412,0.8196,1,0,1
E0161,exp-1.05-0.05-0.03-0.10-0.00,1.05,0.05,0.03,0.1,0.0,4,0.0000,0.5575,0.9412,0.8196,1,0,1
E0162,exp-1.05-0.05-0.03-0.10-0.25,1.05,0.05,0.03,0.1,0.25,4,0.0000,0.5575,0.9412,0.8196,1,0,1
E0163,exp-1.05-0.05-0.03-0.10-0.50,1.05,0.05,0.03,0.1,0.5,4,0.0000,0.5575,0.9412,0.8196,1,0,1
E0164,exp-1.05-0.05-0.03-0.10-1.00,1.05,0.05,0.03,0.1,1.0,4,0.0000,0.5575,0.9412,0.8196,1,0,1
E0165,exp-1.05-0.05-0.03-0.20-0.00,1.05,0.05,0.03,0.2,0.0,4,0.0000,0.5575,0.9412,0.8196,1,0,1
E0166,exp-1.05-0.05-0.03-0.20-0.25,1.05,0.05,0.03,0.2,0.25,4,0.0000,0.5575,0.9412,0.8196,1,0,1
E0167,exp-1.05-0.05-0.03-0.20-0.50,1.05,0.05,0.03,0.2,0.5,4,0.0000,0.5575,0.9412,0.8196,1,0,1
E0168,exp-1.05-0.05-0.03-0.20-1.00,1.05,0.05,0.03,0.2,1.0,4,0.0000,0.5575,0.9412,0.8196,1,0,1
E0337,exp-1.15-0.00-0.03-0.00-0.00,1.15,0.0,0.03,0.0,0.0,4,0.0000,0.5591,0.9407,0.7747,1,0,2
E0338,exp-1.15-0.00-0.03-0.00-0.25,1.15,0.0,0.03,0.0,0.25,4,0.0000,0.5591,0.9407,0.7747,1,0,2
E0339,exp-1.15-0.00-0.03-0.00-0.50,1.15,0.0,0.03,0.0,0.5,4,0.0000,0.5591,0.9407,0.7747,1,0,2
E0340,exp-1.15-0.00-0.03-0.00-1.00,1.15,0.0,0.03,0.0,1.0,4,0.0000,0.5591,0.9407,0.7747,1,0,2
E0341,exp-1.15-0.00-0.03-0.10-0.00,1.15,0.0,0.03,0.1,0.0,4,0.0000,0.5591,0.9407,0.7747,1,0,2
E0342,exp-1.15-0.00-0.03-0.10-0.25,1.15,0.0,0.03,0.1,0.25,4,0.0000,0.5591,0.9407,0.7747,1,0,2
E0343,exp-1.15-0.00-0.03-0.10-0.50,1.15,0.0,0.03,0.1,0.5,4,0.0000,0.5591,0.9407,0.7747,1,0,2
E0344,exp-1.15-0.00-0.03-0.10-1.00,1.15,0.0,0.03,0.1,1.0,4,0.0000,0.5591,0.9407,0.7747,1,0,2
E0345,exp-1.15-0.00-0.03-0.20-0.00,1.15,0.0,0.03,0.2,0.0,4,0.0000,0.5591,0.9407,0.7747,1,0,2
E0346,exp-1.15-0.00-0.03-0.20-0.25,1.15,0.0,0.03,0.2,0.25,4,0.0000,0.5591,0.9407,0.7747,1,0,2
E0347,exp-1.15-0.00-0.03-0.20-0.50,1.15,0.0,0.03,0.2,0.5,4,0.0000,0.5591,0.9407,0.7747,1,0,2
E0348,exp-1.15-0.00-0.03-0.20-1.00,1.15,0.0,0.03,0.2,1.0,4,0.0000,0.5591,0.9407,0.7747,1,0,2
E0265,exp-1.10-0.05-0.03-0.00-0.00,1.1,0.05,0.03,0.0,0.0,4,0.0000,0.5599,0.9432,0.7914,1,0,2
E0266,exp-1.10-0.05-0.03-0.00-0.25,1.1,0.05,0.03,0.0,0.25,4,0.0000,0.5599,0.9432,0.7914,1,0,2
E0267,exp-1.10-0.05-0.03-0.00-0.50,1.1,0.05,0.03,0.0,0.5,4,0.0000,0.5599,0.9432,0.7914,1,0,2
E0268,exp-1.10-0.05-0.03-0.00-1.00,1.1,0.05,0.03,0.0,1.0,4,0.0000,0.5599,0.9432,0.7914,1,0,2
E0269,exp-1.10-0.05-0.03-0.10-0.00,1.1,0.05,0.03,0.1,0.0,4,0.0000,0.5599,0.9432,0.7914,1,0,2
E0270,exp-1.10-0.05-0.03-0.10-0.25,1.1,0.05,0.03,0.1,0.25,4,0.0000,0.5599,0.9432,0.7914,1,0,2
E0271,exp-1.10-0.05-0.03-0.10-0.50,1.1,0.05,0.03,0.1,0.5,4,0.0000,0.5599,0.9432,0.7914,1,0,2
E0272,exp-1.10-0.05-0.03-0.10-1.00,1.1,0.05,0.03,0.1,1.0,4,0.0000,0.5599,0.9432,0.7914,1,0,2
E0273,exp-1.10-0.05-0.03-0.20-0.00,1.1,0.05,0.03,0.2,0.0,4,0.0000,0.5599,0.9432,0.7914,1,0,2
E0274,exp-1.10-0.05-0.03-0.20-0.25,1.1,0.05,0.03,0.2,0.25,4,0.0000,0.5599,0.9432,0.7914,1,0,2
E0275,exp-1.10-0.05-0.03-0.20-0.50,1.1,0.05,0.03,0.2,0.5,4,0.0000,0.5599,0.9432,0.7914,1,0,2
E0276,exp-1.10-0.05-0.03-0.20-1.00,1.1,0.05,0.03,0.2,1.0,4,0.0000,0.5599,0.9432,0.7914,1,0,2
E0085,exp-1.00-0.10-0.03-0.00-0.00,1.0,0.1,0.03,0.0,0.0,4,0.0000,0.5601,0.9462,0.8356,1,0,1
E0086,exp-1.00-0.10-0.03-0.00-0.25,1.0,0.1,0.03,0.0,0.25,4,0.0000,0.5601,0.9462,0.8356,1,0,1
E0087,exp-1.00-0.10-0.03-0.00-0.50,1.0,0.1,0.03,0.0,0.5,4,0.0000,0.5601,0.9462,0.8356,1,0,1
E0088,exp-1.00-0.10-0.03-0.00-1.00,1.0,0.1,0.03,0.0,1.0,4,0.0000,0.5601,0.9462,0.8356,1,0,1
E0089,exp-1.00-0.10-0.03-0.10-0.00,1.0,0.1,0.03,0.1,0.0,4,0.0000,0.5601,0.9462,0.8356,1,0,1
E0090,exp-1.00-0.10-0.03-0.10-0.25,1.0,0.1,0.03,0.1,0.25,4,0.0000,0.5601,0.9462,0.8356,1,0,1
E0091,exp-1.00-0.10-0.03-0.10-0.50,1.0,0.1,0.03,0.1,0.5,4,0.0000,0.5601,0.9462,0.8356,1,0,1
E0092,exp-1.00-0.10-0.03-0.10-1.00,1.0,0.1,0.03,0.1,1.0,4,0.0000,0.5601,0.9462,0.8356,1,0,1
E0093,exp-1.00-0.10-0.03-0.20-0.00,1.0,0.1,0.03,0.2,0.0,4,0.0000,0.5601,0.9462,0.8356,1,0,1
E0094,exp-1.00-0.10-0.03-0.20-0.25,1.0,0.1,0.03,0.2,0.25,4,0.0000,0.5601,0.9462,0.8356,1,0,1
E0095,exp-1.00-0.10-0.03-0.20-0.50,1.0,0.1,0.03,0.2,0.5,4,0.0000,0.5601,0.9462,0.8356,1,0,1
E0096,exp-1.00-0.10-0.03-0.20-1.00,1.0,0.1,0.03,0.2,1.0,4,0.0000,0.5601,0.9462,0.8356,1,0,1
E0193,exp-1.05-0.10-0.03-0.00-0.00,1.05,0.1,0.03,0.0,0.0,4,0.0000,0.5618,0.9472,0.8074,1,0,1
E0194,exp-1.05-0.10-0.03-0.00-0.25,1.05,0.1,0.03,0.0,0.25,4,0.0000,0.5618,0.9472,0.8074,1,0,1
E0195,exp-1.05-0.10-0.03-0.00-0.50,1.05,0.1,0.03,0.0,0.5,4,0.0000,0.5618,0.9472,0.8074,1,0,1
E0196,exp-1.05-0.10-0.03-0.00-1.00,1.05,0.1,0.03,0.0,1.0,4,0.0000,0.5618,0.9472,0.8074,1,0,1
E0197,exp-1.05-0.10-0.03-0.10-0.00,1.05,0.1,0.03,0.1,0.0,4,0.0000,0.5618,0.9472,0.8074,1,0,1
E0198,exp-1.05-0.10-0.03-0.10-0.25,1.05,0.1,0.03,0.1,0.25,4,0.0000,0.5618,0.9472,0.8074,1,0,1
E0199,exp-1.05-0.10-0.03-0.10-0.50,1.05,0.1,0.03,0.1,0.5,4,0.0000,0.5618,0.9472,0.8074,1,0,1
E0200,exp-1.05-0.10-0.03-0.10-1.00,1.05,0.1,0.03,0.1,1.0,4,0.0000,0.5618,0.9472,0.8074,1,0,1
E0201,exp-1.05-0.10-0.03-0.20-0.00,1.05,0.1,0.03,0.2,0.0,4,0.0000,0.5618,0.9472,0.8074,1,0,1
E0202,exp-1.05-0.10-0.03-0.20-0.25,1.05,0.1,0.03,0.2,0.25,4,0.0000,0.5618,0.9472,0.8074,1,0,1
E0203,exp-1.05-0.10-0.03-0.20-0.50,1.05,0.1,0.03,0.2,0.5,4,0.0000,0.5618,0.9472,0.8074,1,0,1
E0204,exp-1.05-0.10-0.03-0.20-1.00,1.05,0.1,0.03,0.2,1.0,4,0.0000,0.5618,0.9472,0.8074,1,0,1
E0373,exp-1.15-0.05-0.03-0.00-0.00,1.15,0.05,0.03,0.0,0.0,4,0.0000,0.5628,0.9459,0.7637,1,0,2
E0374,exp-1.15-0.05-0.03-0.00-0.25,1.15,0.05,0.03,0.0,0.25,4,0.0000,0.5628,0.9459,0.7637,1,0,2
E0375,exp-1.15-0.05-0.03-0.00-0.50,1.15,0.05,0.03,0.0,0.5,4,0.0000,0.5628,0.9459,0.7637,1,0,2
E0376,exp-1.15-0.05-0.03-0.00-1.00,1.15,0.05,0.03,0.0,1.0,4,0.0000,0.5628,0.9459,0.7637,1,0,2
E0377,exp-1.15-0.05-0.03-0.10-0.00,1.15,0.05,0.03,0.1,0.0,4,0.0000,0.5628,0.9459,0.7637,1,0,2
E0378,exp-1.15-0.05-0.03-0.10-0.25,1.15,0.05,0.03,0.1,0.25,4,0.0000,0.5628,0.9459,0.7637,1,0,2
E0379,exp-1.15-0.05-0.03-0.10-0.50,1.15,0.05,0.03,0.1,0.5,4,0.0000,0.5628,0.9459,0.7637,1,0,2
E0380,exp-1.15-0.05-0.03-0.10-1.00,1.15,0.05,0.03,0.1,1.0,4,0.0000,0.5628,0.9459,0.7637,1,0,2
E0381,exp-1.15-0.05-0.03-0.20-0.00,1.15,0.05,0.03,0.2,0.0,4,0.0000,0.5628,0.9459,0.7637,1,0,2
E0382,exp-1.15-0.05-0.03-0.20-0.25,1.15,0.05,0.03,0.2,0.25,4,0.0000,0.5628,0.9459,0.7637,1,0,2
E0383,exp-1.15-0.05-0.03-0.20-0.50,1.15,0.05,0.03,0.2,0.5,4,0.0000,0.5628,0.9459,0.7637,1,0,2
E0384,exp-1.15-0.05-0.03-0.20-1.00,1.15,0.05,0.03,0.2,1.0,4,0.0000,0.5628,0.9459,0.7637,1,0,2
E0301,exp-1.10-0.10-0.03-0.00-0.00,1.1,0.1,0.03,0.0,0.0,4,0.0000,0.5639,0.9489,0.7798,1,0,1
E0302,exp-1.10-0.10-0.03-0.00-0.25,1.1,0.1,0.03,0.0,0.25,4,0.0000,0.5639,0.9489,0.7798,1,0,1
E0303,exp-1.10-0.10-0.03-0.00-0.50,1.1,0.1,0.03,0.0,0.5,4,0.0000,0.5639,0.9489,0.7798,1,0,1
E0304,exp-1.10-0.10-0.03-0.00-1.00,1.1,0.1,0.03,0.0,1.0,4,0.0000,0.5639,0.9489,0.7798,1,0,1
E0305,exp-1.10-0.10-0.03-0.10-0.00,1.1,0.1,0.03,0.1,0.0,4,0.0000,0.5639,0.9489,0.7798,1,0,1
E0306,exp-1.10-0.10-0.03-0.10-0.25,1.1,0.1,0.03,0.1,0.25,4,0.0000,0.5639,0.9489,0.7798,1,0,1
E0307,exp-1.10-0.10-0.03-0.10-0.50,1.1,0.1,0.03,0.1,0.5,4,0.0000,0.5639,0.9489,0.7798,1,0,1
E0308,exp-1.10-0.10-0.03-0.10-1.00,1.1,0.1,0.03,0.1,1.0,4,0.0000,0.5639,0.9489,0.7798,1,0,1
E0309,exp-1.10-0.10-0.03-0.20-0.00,1.1,0.1,0.03,0.2,0.0,4,0.0000,0.5639,0.9489,0.7798,1,0,1
E0310,exp-1.10-0.10-0.03-0.20-0.25,1.1,0.1,0.03,0.2,0.25,4,0.0000,0.5639,0.9489,0.7798,1,0,1
E0311,exp-1.10-0.10-0.03-0.20-0.50,1.1,0.1,0.03,0.2,0.5,4,0.0000,0.5639,0.9489,0.7798,1,0,1
E0312,exp-1.10-0.10-0.03-0.20-1.00,1.1,0.1,0.03,0.2,1.0,4,0.0000,0.5639,0.9489,0.7798,1,0,1
E0409,exp-1.15-0.10-0.03-0.00-0.00,1.15,0.1,0.03,0.0,0.0,4,0.0000,0.5666,0.9513,0.7528,1,0,2
E0410,exp-1.15-0.10-0.03-0.00-0.25,1.15,0.1,0.03,0.0,0.25,4,0.0000,0.5666,0.9513,0.7528,1,0,2
E0411,exp-1.15-0.10-0.03-0.00-0.50,1.15,0.1,0.03,0.0,0.5,4,0.0000,0.5666,0.9513,0.7528,1,0,2
E0412,exp-1.15-0.10-0.03-0.00-1.00,1.15,0.1,0.03,0.0,1.0,4,0.0000,0.5666,0.9513,0.7528,1,0,2
E0413,exp-1.15-0.10-0.03-0.10-0.00,1.15,0.1,0.03,0.1,0.0,4,0.0000,0.5666,0.9513,0.7528,1,0,2
E0414,exp-1.15-0.10-0.03-0.10-0.25,1.15,0.1,0.03,0.1,0.25,4,0.0000,0.5666,0.9513,0.7528,1,0,2
E0415,exp-1.15-0.10-0.03-0.10-0.50,1.15,0.1,0.03,0.1,0.5,4,0.0000,0.5666,0.9513,0.7528,1,0,2
E0416,exp-1.15-0.10-0.03-0.10-1.00,1.15,0.1,0.03,0.1,1.0,4,0.0000,0.5666,0.9513,0.7528,1,0,2
E0417,exp-1.15-0.10-0.03-0.20-0.00,1.15,0.1,0.03,0.2,0.0,4,0.0000,0.5666,0.9513,0.7528,1,0,2
E0418,exp-1.15-0.10-0.03-0.20-0.25,1.15,0.1,0.03,0.2,0.25,4,0.0000,0.5666,0.9513,0.7528,1,0,2
E0419,exp-1.15-0.10-0.03-0.20-0.50,1.15,0.1,0.03,0.2,0.5,4,0.0000,0.5666,0.9513,0.7528,1,0,2
E0420,exp-1.15-0.10-0.03-0.20-1.00,1.15,0.1,0.03,0.2,1.0,4,0.0000,0.5666,0.9513,0.7528,1,0,2
E0025,exp-1.00-0.00-0.06-0.00-0.00,1.0,0.0,0.06,0.0,0.0,4,0.0000,0.5696,0.9628,0.8698,1,0,1
E0026,exp-1.00-0.00-0.06-0.00-0.25,1.0,0.0,0.06,0.0,0.25,4,0.0000,0.5696,0.9628,0.8698,1,0,1
E0027,exp-1.00-0.00-0.06-0.00-0.50,1.0,0.0,0.06,0.0,0.5,4,0.0000,0.5696,0.9628,0.8698,1,0,1
E0028,exp-1.00-0.00-0.06-0.00-1.00,1.0,0.0,0.06,0.0,1.0,4,0.0000,0.5696,0.9628,0.8698,1,0,1
E0029,exp-1.00-0.00-0.06-0.10-0.00,1.0,0.0,0.06,0.1,0.0,4,0.0000,0.5696,0.9628,0.8698,1,0,1
E0030,exp-1.00-0.00-0.06-0.10-0.25,1.0,0.0,0.06,0.1,0.25,4,0.0000,0.5696,0.9628,0.8698,1,0,1
E0031,exp-1.00-0.00-0.06-0.10-0.50,1.0,0.0,0.06,0.1,0.5,4,0.0000,0.5696,0.9628,0.8698,1,0,1
E0032,exp-1.00-0.00-0.06-0.10-1.00,1.0,0.0,0.06,0.1,1.0,4,0.0000,0.5696,0.9628,0.8698,1,0,1
E0033,exp-1.00-0.00-0.06-0.20-0.00,1.0,0.0,0.06,0.2,0.0,4,0.0000,0.5696,0.9628,0.8698,1,0,1
E0034,exp-1.00-0.00-0.06-0.20-0.25,1.0,0.0,0.06,0.2,0.25,4,0.0000,0.5696,0.9628,0.8698,1,0,1
E0035,exp-1.00-0.00-0.06-0.20-0.50,1.0,0.0,0.06,0.2,0.5,4,0.0000,0.5696,0.9628,0.8698,1,0,1
E0036,exp-1.00-0.00-0.06-0.20-1.00,1.0,0.0,0.06,0.2,1.0,4,0.0000,0.5696,0.9628,0.8698,1,0,1
E0133,exp-1.05-0.00-0.06-0.00-0.00,1.05,0.0,0.06,0.0,0.0,4,0.0000,0.5715,0.9642,0.8411,1,0,1
E0134,exp-1.05-0.00-0.06-0.00-0.25,1.05,0.0,0.06,0.0,0.25,4,0.0000,0.5715,0.9642,0.8411,1,0,1
E0135,exp-1.05-0.00-0.06-0.00-0.50,1.05,0.0,0.06,0.0,0.5,4,0.0000,0.5715,0.9642,0.8411,1,0,1
E0136,exp-1.05-0.00-0.06-0.00-1.00,1.05,0.0,0.06,0.0,1.0,4,0.0000,0.5715,0.9642,0.8411,1,0,1
E0137,exp-1.05-0.00-0.06-0.10-0.00,1.05,0.0,0.06,0.1,0.0,4,0.0000,0.5715,0.9642,0.8411,1,0,1
E0138,exp-1.05-0.00-0.06-0.10-0.25,1.05,0.0,0.06,0.1,0.25,4,0.0000,0.5715,0.9642,0.8411,1,0,1
E0139,exp-1.05-0.00-0.06-0.10-0.50,1.05,0.0,0.06,0.1,0.5,4,0.0000,0.5715,0.9642,0.8411,1,0,1
E0140,exp-1.05-0.00-0.06-0.10-1.00,1.05,0.0,0.06,0.1,1.0,4,0.0000,0.5715,0.9642,0.8411,1,0,1
E0141,exp-1.05-0.00-0.06-0.20-0.00,1.05,0.0,0.06,0.2,0.0,4,0.0000,0.5715,0.9642,0.8411,1,0,1
E0142,exp-1.05-0.00-0.06-0.20-0.25,1.05,0.0,0.06,0.2,0.25,4,0.0000,0.5715,0.9642,0.8411,1,0,1
E0143,exp-1.05-0.00-0.06-0.20-0.50,1.05,0.0,0.06,0.2,0.5,4,0.0000,0.5715,0.9642,0.8411,1,0,1
E0144,exp-1.05-0.00-0.06-0.20-1.00,1.05,0.0,0.06,0.2,1.0,4,0.0000,0.5715,0.9642,0.8411,1,0,1
E0241,exp-1.10-0.00-0.06-0.00-0.00,1.1,0.0,0.06,0.0,0.0,4,0.0000,0.5739,0.9664,0.8129,1,0,1
E0242,exp-1.10-0.00-0.06-0.00-0.25,1.1,0.0,0.06,0.0,0.25,4,0.0000,0.5739,0.9664,0.8129,1,0,1
E0243,exp-1.10-0.00-0.06-0.00-0.50,1.1,0.0,0.06,0.0,0.5,4,0.0000,0.5739,0.9664,0.8129,1,0,1
E0244,exp-1.10-0.00-0.06-0.00-1.00,1.1,0.0,0.06,0.0,1.0,4,0.0000,0.5739,0.9664,0.8129,1,0,1
E0245,exp-1.10-0.00-0.06-0.10-0.00,1.1,0.0,0.06,0.1,0.0,4,0.0000,0.5739,0.9664,0.8129,1,0,1
E0246,exp-1.10-0.00-0.06-0.10-0.25,1.1,0.0,0.06,0.1,0.25,4,0.0000,0.5739,0.9664,0.8129,1,0,1
E0247,exp-1.10-0.00-0.06-0.10-0.50,1.1,0.0,0.06,0.1,0.5,4,0.0000,0.5739,0.9664,0.8129,1,0,1
E0248,exp-1.10-0.00-0.06-0.10-1.00,1.1,0.0,0.06,0.1,1.0,4,0.0000,0.5739,0.9664,0.8129,1,0,1
E0249,exp-1.10-0.00-0.06-0.20-0.00,1.1,0.0,0.06,0.2,0.0,4,0.0000,0.5739,0.9664,0.8129,1,0,1
E0250,exp-1.10-0.00-0.06-0.20-0.25,1.1,0.0,0.06,0.2,0.25,4,0.0000,0.5739,0.9664,0.8129,1,0,1
E0251,exp-1.10-0.00-0.06-0.20-0.50,1.1,0.0,0.06,0.2,0.5,4,0.0000,0.5739,0.9664,0.8129,1,0,1
E0252,exp-1.10-0.00-0.06-0.20-1.00,1.1,0.0,0.06,0.2,1.0,4,0.0000,0.5739,0.9664,0.8129,1,0,1
E0061,exp-1.00-0.05-0.06-0.00-0.00,1.0,0.05,0.06,0.0,0.0,4,0.0000,0.5741,0.9687,0.8575,1,0,1
E0062,exp-1.00-0.05-0.06-0.00-0.25,1.0,0.05,0.06,0.0,0.25,4,0.0000,0.5741,0.9687,0.8575,1,0,1
E0063,exp-1.00-0.05-0.06-0.00-0.50,1.0,0.05,0.06,0.0,0.5,4,0.0000,0.5741,0.9687,0.8575,1,0,1
E0064,exp-1.00-0.05-0.06-0.00-1.00,1.0,0.05,0.06,0.0,1.0,4,0.0000,0.5741,0.9687,0.8575,1,0,1
E0065,exp-1.00-0.05-0.06-0.10-0.00,1.0,0.05,0.06,0.1,0.0,4,0.0000,0.5741,0.9687,0.8575,1,0,1
E0066,exp-1.00-0.05-0.06-0.10-0.25,1.0,0.05,0.06,0.1,0.25,4,0.0000,0.5741,0.9687,0.8575,1,0,1
E0067,exp-1.00-0.05-0.06-0.10-0.50,1.0,0.05,0.06,0.1,0.5,4,0.0000,0.5741,0.9687,0.8575,1,0,1
E0068,exp-1.00-0.05-0.06-0.10-1.00,1.0,0.05,0.06,0.1,1.0,4,0.0000,0.5741,0.9687,0.8575,1,0,1
E0069,exp-1.00-0.05-0.06-0.20-0.00,1.0,0.05,0.06,0.2,0.0,4,0.0000,0.5741,0.9687,0.8575,1,0,1
E0070,exp-1.00-0.05-0.06-0.20-0.25,1.0,0.05,0.06,0.2,0.25,4,0.0000,0.5741,0.9687,0.8575,1,0,1
E0071,exp-1.00-0.05-0.06-0.20-0.50,1.0,0.05,0.06,0.2,0.5,4,0.0000,0.5741,0.9687,0.8575,1,0,1
E0072,exp-1.00-0.05-0.06-0.20-1.00,1.0,0.05,0.06,0.2,1.0,4,0.0000,0.5741,0.9687,0.8575,1,0,1
E0169,exp-1.05-0.05-0.06-0.00-0.00,1.05,0.05,0.06,0.0,0.0,4,0.0000,0.5757,0.9699,0.8294,1,0,1
E0170,exp-1.05-0.05-0.06-0.00-0.25,1.05,0.05,0.06,0.0,0.25,4,0.0000,0.5757,0.9699,0.8294,1,0,1
E0171,exp-1.05-0.05-0.06-0.00-0.50,1.05,0.05,0.06,0.0,0.5,4,0.0000,0.5757,0.9699,0.8294,1,0,1
E0172,exp-1.05-0.05-0.06-0.00-1.00,1.05,0.05,0.06,0.0,1.0,4,0.0000,0.5757,0.9699,0.8294,1,0,1
E0173,exp-1.05-0.05-0.06-0.10-0.00,1.05,0.05,0.06,0.1,0.0,4,0.0000,0.5757,0.9699,0.8294,1,0,1
E0174,exp-1.05-0.05-0.06-0.10-0.25,1.05,0.05,0.06,0.1,0.25,4,0.0000,0.5757,0.9699,0.8294,1,0,1
E0175,exp-1.05-0.05-0.06-0.10-0.50,1.05,0.05,0.06,0.1,0.5,4,0.0000,0.5757,0.9699,0.8294,1,0,1
E0176,exp-1.05-0.05-0.06-0.10-1.00,1.05,0.05,0.06,0.1,1.0,4,0.0000,0.5757,0.9699,0.8294,1,0,1
E0177,exp-1.05-0.05-0.06-0.20-0.00,1.05,0.05,0.06,0.2,0.0,4,0.0000,0.5757,0.9699,0.8294,1,0,1
E0178,exp-1.05-0.05-0.06-0.20-0.25,1.05,0.05,0.06,0.2,0.25,4,0.0000,0.5757,0.9699,0.8294,1,0,1
E0179,exp-1.05-0.05-0.06-0.20-0.50,1.05,0.05,0.06,0.2,0.5,4,0.0000,0.5757,0.9699,0.8294,1,0,1
E0180,exp-1.05-0.05-0.06-0.20-1.00,1.05,0.05,0.06,0.2,1.0,4,0.0000,0.5757,0.9699,0.8294,1,0,1
E0349,exp-1.15-0.00-0.06-0.00-0.00,1.15,0.0,0.06,0.0,0.0,4,0.0000,0.5767,0.9694,0.7852,1,0,1
E0350,exp-1.15-0.00-0.06-0.00-0.25,1.15,0.0,0.06,0.0,0.25,4,0.0000,0.5767,0.9694,0.7852,1,0,1
E0351,exp-1.15-0.00-0.06-0.00-0.50,1.15,0.0,0.06,0.0,0.5,4,0.0000,0.5767,0.9694,0.7852,1,0,1
E0352,exp-1.15-0.00-0.06-0.00-1.00,1.15,0.0,0.06,0.0,1.0,4,0.0000,0.5767,0.9694,0.7852,1,0,1
E0353,exp-1.15-0.00-0.06-0.10-0.00,1.15,0.0,0.06,0.1,0.0,4,0.0000,0.5767,0.9694,0.7852,1,0,1
E0354,exp-1.15-0.00-0.06-0.10-0.25,1.15,0.0,0.06,0.1,0.25,4,0.0000,0.5767,0.9694,0.7852,1,0,1
E0355,exp-1.15-0.00-0.06-0.10-0.50,1.15,0.0,0.06,0.1,0.5,4,0.0000,0.5767,0.9694,0.7852,1,0,1
E0356,exp-1.15-0.00-0.06-0.10-1.00,1.15,0.0,0.06,0.1,1.0,4,0.0000,0.5767,0.9694,0.7852,1,0,1
E0357,exp-1.15-0.00-0.06-0.20-0.00,1.15,0.0,0.06,0.2,0.0,4,0.0000,0.5767,0.9694,0.7852,1,0,1
E0358,exp-1.15-0.00-0.06-0.20-0.25,1.15,0.0,0.06,0.2,0.25,4,0.0000,0.5767,0.9694,0.7852,1,0,1
E0359,exp-1.15-0.00-0.06-0.20-0.50,1.15,0.0,0.06,0.2,0.5,4,0.0000,0.5767,0.9694,0.7852,1,0,1
E0360,exp-1.15-0.00-0.06-0.20-1.00,1.15,0.0,0.06,0.2,1.0,4,0.0000,0.5767,0.9694,0.7852,1,0,1
E0277,exp-1.10-0.05-0.06-0.00-0.00,1.1,0.05,0.06,0.0,0.0,4,0.0000,0.5779,0.9719,0.8017,1,0,1
E0278,exp-1.10-0.05-0.06-0.00-0.25,1.1,0.05,0.06,0.0,0.25,4,0.0000,0.5779,0.9719,0.8017,1,0,1
E0279,exp-1.10-0.05-0.06-0.00-0.50,1.1,0.05,0.06,0.0,0.5,4,0.0000,0.5779,0.9719,0.8017,1,0,1
E0280,exp-1.10-0.05-0.06-0.00-1.00,1.1,0.05,0.06,0.0,1.0,4,0.0000,0.5779,0.9719,0.8017,1,0,1
E0281,exp-1.10-0.05-0.06-0.10-0.00,1.1,0.05,0.06,0.1,0.0,4,0.0000,0.5779,0.9719,0.8017,1,0,1
E0282,exp-1.10-0.05-0.06-0.10-0.25,1.1,0.05,0.06,0.1,0.25,4,0.0000,0.5779,0.9719,0.8017,1,0,1
E0283,exp-1.10-0.05-0.06-0.10-0.50,1.1,0.05,0.06,0.1,0.5,4,0.0000,0.5779,0.9719,0.8017,1,0,1
E0284,exp-1.10-0.05-0.06-0.10-1.00,1.1,0.05,0.06,0.1,1.0,4,0.0000,0.5779,0.9719,0.8017,1,0,1
E0285,exp-1.10-0.05-0.06-0.20-0.00,1.1,0.05,0.06,0.2,0.0,4,0.0000,0.5779,0.9719,0.8017,1,0,1
E0286,exp-1.10-0.05-0.06-0.20-0.25,1.1,0.05,0.06,0.2,0.25,4,0.0000,0.5779,0.9719,0.8017,1,0,1
E0287,exp-1.10-0.05-0.06-0.20-0.50,1.1,0.05,0.06,0.2,0.5,4,0.0000,0.5779,0.9719,0.8017,1,0,1
E0288,exp-1.10-0.05-0.06-0.20-1.00,1.1,0.05,0.06,0.2,1.0,4,0.0000,0.5779,0.9719,0.8017,1,0,1
E0097,exp-1.00-0.10-0.06-0.00-0.00,1.0,0.1,0.06,0.0,0.0,4,0.0000,0.5788,0.9750,0.8453,1,0,1
E0098,exp-1.00-0.10-0.06-0.00-0.25,1.0,0.1,0.06,0.0,0.25,4,0.0000,0.5788,0.9750,0.8453,1,0,1
E0099,exp-1.00-0.10-0.06-0.00-0.50,1.0,0.1,0.06,0.0,0.5,4,0.0000,0.5788,0.9750,0.8453,1,0,1
E0100,exp-1.00-0.10-0.06-0.00-1.00,1.0,0.1,0.06,0.0,1.0,4,0.0000,0.5788,0.9750,0.8453,1,0,1
E0101,exp-1.00-0.10-0.06-0.10-0.00,1.0,0.1,0.06,0.1,0.0,4,0.0000,0.5788,0.9750,0.8453,1,0,1
E0102,exp-1.00-0.10-0.06-0.10-0.25,1.0,0.1,0.06,0.1,0.25,4,0.0000,0.5788,0.9750,0.8453,1,0,1
E0103,exp-1.00-0.10-0.06-0.10-0.50,1.0,0.1,0.06,0.1,0.5,4,0.0000,0.5788,0.9750,0.8453,1,0,1
E0104,exp-1.00-0.10-0.06-0.10-1.00,1.0,0.1,0.06,0.1,1.0,4,0.0000,0.5788,0.9750,0.8453,1,0,1
E0105,exp-1.00-0.10-0.06-0.20-0.00,1.0,0.1,0.06,0.2,0.0,4,0.0000,0.5788,0.9750,0.8453,1,0,1
E0106,exp-1.00-0.10-0.06-0.20-0.25,1.0,0.1,0.06,0.2,0.25,4,0.0000,0.5788,0.9750,0.8453,1,0,1
E0107,exp-1.00-0.10-0.06-0.20-0.50,1.0,0.1,0.06,0.2,0.5,4,0.0000,0.5788,0.9750,0.8453,1,0,1
E0108,exp-1.00-0.10-0.06-0.20-1.00,1.0,0.1,0.06,0.2,1.0,4,0.0000,0.5788,0.9750,0.8453,1,0,1
E0205,exp-1.05-0.10-0.06-0.00-0.00,1.05,0.1,0.06,0.0,0.0,4,0.0000,0.5802,0.9759,0.8178,1,0,1
E0206,exp-1.05-0.10-0.06-0.00-0.25,1.05,0.1,0.06,0.0,0.25,4,0.0000,0.5802,0.9759,0.8178,1,0,1
E0207,exp-1.05-0.10-0.06-0.00-0.50,1.05,0.1,0.06,0.0,0.5,4,0.0000,0.5802,0.9759,0.8178,1,0,1
E0208,exp-1.05-0.10-0.06-0.00-1.00,1.05,0.1,0.06,0.0,1.0,4,0.0000,0.5802,0.9759,0.8178,1,0,1
E0209,exp-1.05-0.10-0.06-0.10-0.00,1.05,0.1,0.06,0.1,0.0,4,0.0000,0.5802,0.9759,0.8178,1,0,1
E0210,exp-1.05-0.10-0.06-0.10-0.25,1.05,0.1,0.06,0.1,0.25,4,0.0000,0.5802,0.9759,0.8178,1,0,1
E0211,exp-1.05-0.10-0.06-0.10-0.50,1.05,0.1,0.06,0.1,0.5,4,0.0000,0.5802,0.9759,0.8178,1,0,1
E0212,exp-1.05-0.10-0.06-0.10-1.00,1.05,0.1,0.06,0.1,1.0,4,0.0000,0.5802,0.9759,0.8178,1,0,1
E0213,exp-1.05-0.10-0.06-0.20-0.00,1.05,0.1,0.06,0.2,0.0,4,0.0000,0.5802,0.9759,0.8178,1,0,1
E0214,exp-1.05-0.10-0.06-0.20-0.25,1.05,0.1,0.06,0.2,0.25,4,0.0000,0.5802,0.9759,0.8178,1,0,1
E0215,exp-1.05-0.10-0.06-0.20-0.50,1.05,0.1,0.06,0.2,0.5,4,0.0000,0.5802,0.9759,0.8178,1,0,1
E0216,exp-1.05-0.10-0.06-0.20-1.00,1.05,0.1,0.06,0.2,1.0,4,0.0000,0.5802,0.9759,0.8178,1,0,1
E0385,exp-1.15-0.05-0.06-0.00-0.00,1.15,0.05,0.06,0.0,0.0,4,0.0000,0.5805,0.9746,0.7746,1,0,1
E0386,exp-1.15-0.05-0.06-0.00-0.25,1.15,0.05,0.06,0.0,0.25,4,0.0000,0.5805,0.9746,0.7746,1,0,1
E0387,exp-1.15-0.05-0.06-0.00-0.50,1.15,0.05,0.06,0.0,0.5,4,0.0000,0.5805,0.9746,0.7746,1,0,1
E0388,exp-1.15-0.05-0.06-0.00-1.00,1.15,0.05,0.06,0.0,1.0,4,0.0000,0.5805,0.9746,0.7746,1,0,1
E0389,exp-1.15-0.05-0.06-0.10-0.00,1.15,0.05,0.06,0.1,0.0,4,0.0000,0.5805,0.9746,0.7746,1,0,1
E0390,exp-1.15-0.05-0.06-0.10-0.25,1.15,0.05,0.06,0.1,0.25,4,0.0000,0.5805,0.9746,0.7746,1,0,1
E0391,exp-1.15-0.05-0.06-0.10-0.50,1.15,0.05,0.06,0.1,0.5,4,0.0000,0.5805,0.9746,0.7746,1,0,1
E0392,exp-1.15-0.05-0.06-0.10-1.00,1.15,0.05,0.06,0.1,1.0,4,0.0000,0.5805,0.9746,0.7746,1,0,1
E0393,exp-1.15-0.05-0.06-0.20-0.00,1.15,0.05,0.06,0.2,0.0,4,0.0000,0.5805,0.9746,0.7746,1,0,1
E0394,exp-1.15-0.05-0.06-0.20-0.25,1.15,0.05,0.06,0.2,0.25,4,0.0000,0.5805,0.9746,0.7746,1,0,1
E0395,exp-1.15-0.05-0.06-0.20-0.50,1.15,0.05,0.06,0.2,0.5,4,0.0000,0.5805,0.9746,0.7746,1,0,1
E0396,exp-1.15-0.05-0.06-0.20-1.00,1.15,0.05,0.06,0.2,1.0,4,0.0000,0.5805,0.9746,0.7746,1,0,1
E0313,exp-1.10-0.10-0.06-0.00-0.00,1.1,0.1,0.06,0.0,0.0,4,0.0000,0.5821,0.9776,0.7908,1,0,1
E0314,exp-1.10-0.10-0.06-0.00-0.25,1.1,0.1,0.06,0.0,0.25,4,0.0000,0.5821,0.9776,0.7908,1,0,1
E0315,exp-1.10-0.10-0.06-0.00-0.50,1.1,0.1,0.06,0.0,0.5,4,0.0000,0.5821,0.9776,0.7908,1,0,1
E0316,exp-1.10-0.10-0.06-0.00-1.00,1.1,0.1,0.06,0.0,1.0,4,0.0000,0.5821,0.9776,0.7908,1,0,1
E0317,exp-1.10-0.10-0.06-0.10-0.00,1.1,0.1,0.06,0.1,0.0,4,0.0000,0.5821,0.9776,0.7908,1,0,1
E0318,exp-1.10-0.10-0.06-0.10-0.25,1.1,0.1,0.06,0.1,0.25,4,0.0000,0.5821,0.9776,0.7908,1,0,1
E0319,exp-1.10-0.10-0.06-0.10-0.50,1.1,0.1,0.06,0.1,0.5,4,0.0000,0.5821,0.9776,0.7908,1,0,1
E0320,exp-1.10-0.10-0.06-0.10-1.00,1.1,0.1,0.06,0.1,1.0,4,0.0000,0.5821,0.9776,0.7908,1,0,1
E0321,exp-1.10-0.10-0.06-0.20-0.00,1.1,0.1,0.06,0.2,0.0,4,0.0000,0.5821,0.9776,0.7908,1,0,1
E0322,exp-1.10-0.10-0.06-0.20-0.25,1.1,0.1,0.06,0.2,0.25,4,0.0000,0.5821,0.9776,0.7908,1,0,1
E0323,exp-1.10-0.10-0.06-0.20-0.50,1.1,0.1,0.06,0.2,0.5,4,0.0000,0.5821,0.9776,0.7908,1,0,1
E0324,exp-1.10-0.10-0.06-0.20-1.00,1.1,0.1,0.06,0.2,1.0,4,0.0000,0.5821,0.9776,0.7908,1,0,1
E0421,exp-1.15-0.10-0.06-0.00-0.00,1.15,0.1,0.06,0.0,0.0,4,0.0000,0.5844,0.9800,0.7643,1,0,1
E0422,exp-1.15-0.10-0.06-0.00-0.25,1.15,0.1,0.06,0.0,0.25,4,0.0000,0.5844,0.9800,0.7643,1,0,1
E0423,exp-1.15-0.10-0.06-0.00-0.50,1.15,0.1,0.06,0.0,0.5,4,0.0000,0.5844,0.9800,0.7643,1,0,1
E0424,exp-1.15-0.10-0.06-0.00-1.00,1.15,0.1,0.06,0.0,1.0,4,0.0000,0.5844,0.9800,0.7643,1,0,1
E0425,exp-1.15-0.10-0.06-0.10-0.00,1.15,0.1,0.06,0.1,0.0,4,0.0000,0.5844,0.9800,0.7643,1,0,1
E0426,exp-1.15-0.10-0.06-0.10-0.25,1.15,0.1,0.06,0.1,0.25,4,0.0000,0.5844,0.9800,0.7643,1,0,1
E0427,exp-1.15-0.10-0.06-0.10-0.50,1.15,0.1,0.06,0.1,0.5,4,0.0000,0.5844,0.9800,0.7643,1,0,1
E0428,exp-1.15-0.10-0.06-0.10-1.00,1.15,0.1,0.06,0.1,1.0,4,0.0000,0.5844,0.9800,0.7643,1,0,1
E0429,exp-1.15-0.10-0.06-0.20-0.00,1.15,0.1,0.06,0.2,0.0,4,0.0000,0.5844,0.9800,0.7643,1,0,1
E0430,exp-1.15-0.10-0.06-0.20-0.25,1.15,0.1,0.06,0.2,0.25,4,0.0000,0.5844,0.9800,0.7643,1,0,1
E0431,exp-1.15-0.10-0.06-0.20-0.50,1.15,0.1,0.06,0.2,0.5,4,0.0000,0.5844,0.9800,0.7643,1,0,1
E0432,exp-1.15-0.10-0.06-0.20-1.00,1.15,0.1,0.06,0.2,1.0,4,0.0000,0.5844,0.9800,0.7643,1,0,1
